INSERT INTO `bl_my_sequence`(sequence,name, updated_at) VALUES (1, 'UID', now());
INSERT INTO `bl_my_sequence`(sequence,name, updated_at) VALUES (1, 'JID', now());

INSERT INTO `bl_resource` (id, created_at, updated_at, operator_id, res_name, res_type, res_value) VALUES ('1', now(), now(), '-1', '客户管理所有URL', 'URL', '/customer/.*');
INSERT INTO `bl_resource` (id, created_at, updated_at, operator_id, res_name, res_type, res_value) VALUES ('2', now(), now(), '-1', '项目管理所有URL', 'URL', '/project/.*');
INSERT INTO `bl_resource` (id, created_at, updated_at, operator_id, res_name, res_type, res_value) VALUES ('3', now(), now(), '-1', '通道商管理所有URL', 'URL', '/channelProvider/.*');
INSERT INTO `bl_resource` (id, created_at, updated_at, operator_id, res_name, res_type, res_value) VALUES ('4', now(), now(), '-1', '短信通道所有URL', 'URL', '/smsChannel/.*');
INSERT INTO `bl_resource` (id, created_at, updated_at, operator_id, res_name, res_type, res_value) VALUES ('5', now(), now(), '-1', '区域管理所有URL', 'URL', '/area/.*');
INSERT INTO `bl_resource` (id, created_at, updated_at, operator_id, res_name, res_type, res_value) VALUES ('6', now(), now(), '-1', '通道请求管理所有URL', 'URL', '/channelRequest/.*');
INSERT INTO `bl_resource` (id, created_at, updated_at, operator_id, res_name, res_type, res_value) VALUES ('7', now(), now(), '-1', '智能答题所有URL', 'URL', '/question/.*');
INSERT INTO `bl_resource` (id, created_at, updated_at, operator_id, res_name, res_type, res_value) VALUES ('8', now(), now(), '-1', '用户相关所有URL', 'URL', '/user/.*');
INSERT INTO `bl_resource` (id, created_at, updated_at, operator_id, res_name, res_type, res_value) VALUES ('9', now(), now(), '-1', '资源管理所有URL', 'URL', '/security/resource/.*');
INSERT INTO `bl_resource` (id, created_at, updated_at, operator_id, res_name, res_type, res_value) VALUES ('10', now(), now(), '-1', '权限管理所有URL', 'URL', '/security/right/.*');
INSERT INTO `bl_resource` (id, created_at, updated_at, operator_id, res_name, res_type, res_value) VALUES ('11', now(), now(), '-1', '角色管理所有URL', 'URL', '/security/role/.*');
INSERT INTO `bl_resource` (id, created_at, updated_at, operator_id, res_name, res_type, res_value) VALUES ('12', now(), now(), '-1', '我的帐户', 'URL', '/user/edit.do');
INSERT INTO `bl_resource` (id, created_at, updated_at, operator_id, res_name, res_type, res_value) VALUES ('13', now(), now(), '-1', '主页', 'URL', '/security/loginSuccess.do');
INSERT INTO `bl_resource` (id, created_at, updated_at, operator_id, res_name, res_type, res_value) VALUES ('14', now(), now(), '-1', '黑名单管理所有URL', 'URL', '/blacklist/.*');
INSERT INTO `bl_resource` (id, created_at, updated_at, operator_id, res_name, res_type, res_value) VALUES ('15', now(), now(), '-1', 'IVR通道所有URL', 'URL', '/ivrChannel/.*');
INSERT INTO `bl_resource` (id, created_at, updated_at, operator_id, res_name, res_type, res_value) VALUES ('16', now(), now(), '-1', 'G+通道所有URL', 'URL', '/gpChannel/.*');
INSERT INTO `bl_resource` (id, created_at, updated_at, operator_id, res_name, res_type, res_value) VALUES ('17', now(), now(), '-1', '统计分析URL', 'URL', '/report/.*');
INSERT INTO `bl_resource` (id, created_at, updated_at, operator_id, res_name, res_type, res_value) VALUES ('18', now(), now(), '-1', '短信猫URL', 'URL', '/catNumber/.*');
INSERT INTO `bl_resource` (id, created_at, updated_at, operator_id, res_name, res_type, res_value) VALUES ('19', now(), now(), '-1', '注冊用戶URL', 'URL', '/terminal/.*');

INSERT INTO `bl_resource_right` (id, created_at, updated_at, operator_id, right_id, resource_id) VALUES ('1', now(), now(), '-1', '12', '13');
INSERT INTO `bl_resource_right` (id, created_at, updated_at, operator_id, right_id, resource_id) VALUES ('2', now(), now(), '-1', '12', '12');
INSERT INTO `bl_resource_right` (id, created_at, updated_at, operator_id, right_id, resource_id) VALUES ('3', now(), now(), '-1', '11', '11');
INSERT INTO `bl_resource_right` (id, created_at, updated_at, operator_id, right_id, resource_id) VALUES ('4', now(), now(), '-1', '10', '10');
INSERT INTO `bl_resource_right` (id, created_at, updated_at, operator_id, right_id, resource_id) VALUES ('5', now(), now(), '-1', '9', '9');
INSERT INTO `bl_resource_right` (id, created_at, updated_at, operator_id, right_id, resource_id) VALUES ('6', now(), now(), '-1', '8', '8');
INSERT INTO `bl_resource_right` (id, created_at, updated_at, operator_id, right_id, resource_id) VALUES ('7', now(), now(), '-1', '7', '7');
INSERT INTO `bl_resource_right` (id, created_at, updated_at, operator_id, right_id, resource_id) VALUES ('8', now(), now(), '-1', '6', '6');
INSERT INTO `bl_resource_right` (id, created_at, updated_at, operator_id, right_id, resource_id) VALUES ('9', now(), now(), '-1', '5', '5');
INSERT INTO `bl_resource_right` (id, created_at, updated_at, operator_id, right_id, resource_id) VALUES ('10', now(), now(), '-1', '4', '4');
INSERT INTO `bl_resource_right` (id, created_at, updated_at, operator_id, right_id, resource_id) VALUES ('11', now(), now(), '-1', '3', '3');
INSERT INTO `bl_resource_right` (id, created_at, updated_at, operator_id, right_id, resource_id) VALUES ('12', now(), now(), '-1', '2', '2');
INSERT INTO `bl_resource_right` (id, created_at, updated_at, operator_id, right_id, resource_id) VALUES ('13', now(), now(), '-1', '1', '1');
INSERT INTO `bl_resource_right` (id, created_at, updated_at, operator_id, right_id, resource_id) VALUES ('14', now(), now(), '-1', '13', '14');
INSERT INTO `bl_resource_right` (id, created_at, updated_at, operator_id, right_id, resource_id) VALUES ('15', now(), now(), '-1', '14', '15');
INSERT INTO `bl_resource_right` (id, created_at, updated_at, operator_id, right_id, resource_id) VALUES ('16', now(), now(), '-1', '15', '16');
INSERT INTO `bl_resource_right` (id, created_at, updated_at, operator_id, right_id, resource_id) VALUES ('17', now(), now(), '-1', '16', '17');
INSERT INTO `bl_resource_right` (id, created_at, updated_at, operator_id, right_id, resource_id) VALUES ('18', now(), now(), '-1', '17', '18');
INSERT INTO `bl_resource_right` (id, created_at, updated_at, operator_id, right_id, resource_id) VALUES ('19', now(), now(), '-1', '18', '19');

INSERT INTO `bl_right` (id, created_at, updated_at, operator_id, memo, name) VALUES ('1', now(), now(), '-1', '客户管理', 'ROLES_CUSTOMER');
INSERT INTO `bl_right` (id, created_at, updated_at, operator_id, memo, name) VALUES ('2', now(), now(), '-1', '项目管理', 'ROLES_PROJECT');
INSERT INTO `bl_right` (id, created_at, updated_at, operator_id, memo, name) VALUES ('3', now(), now(), '-1', '通道商管理', 'ROLES_CHANNEL_PROVIDER');
INSERT INTO `bl_right` (id, created_at, updated_at, operator_id, memo, name) VALUES ('4', now(), now(), '-1', '短信通道管理', 'ROLES_SMS_CHANNEL');
INSERT INTO `bl_right` (id, created_at, updated_at, operator_id, memo, name) VALUES ('5', now(), now(), '-1', '区域管理', 'ROLES_AREA');
INSERT INTO `bl_right` (id, created_at, updated_at, operator_id, memo, name) VALUES ('6', now(), now(), '-1', '通道请求管理', 'ROLES_CHANNEL_REQUEST');
INSERT INTO `bl_right` (id, created_at, updated_at, operator_id, memo, name) VALUES ('7', now(), now(), '-1', '智能答题库管理', 'ROLES_QUESTION');
INSERT INTO `bl_right` (id, created_at, updated_at, operator_id, memo, name) VALUES ('8', now(), now(), '-1', '用户管理', 'ROLES_USER');
INSERT INTO `bl_right` (id, created_at, updated_at, operator_id, memo, name) VALUES ('9', now(), now(), '-1', '资源管理', 'ROLES_RESOURCE');
INSERT INTO `bl_right` (id, created_at, updated_at, operator_id, memo, name) VALUES ('10', now(), now(), '-1', '权限管理', 'ROLES_RIGHT');
INSERT INTO `bl_right` (id, created_at, updated_at, operator_id, memo, name) VALUES ('11', now(), now(), '-1', '角色管理', 'ROLES_ROLE');
INSERT INTO `bl_right` (id, created_at, updated_at, operator_id, memo, name) VALUES ('12', now(), now(), '-1', '我的帐户', 'ROLES_ACCOUNT');
INSERT INTO `bl_right` (id, created_at, updated_at, operator_id, memo, name) VALUES ('13', now(), now(), '-1', '黑名单管理', 'ROLES_BLACKLIST');
INSERT INTO `bl_right` (id, created_at, updated_at, operator_id, memo, name) VALUES ('14', now(), now(), '-1', 'IVR通道管理', 'ROLES_IVR_CHANNEL');
INSERT INTO `bl_right` (id, created_at, updated_at, operator_id, memo, name) VALUES ('15', now(), now(), '-1', 'G+通道管理', 'ROLES_GP_CHANNEL');
INSERT INTO `bl_right` (id, created_at, updated_at, operator_id, memo, name) VALUES ('16', now(), now(), '-1', '统计分析', 'ROLES_REPORT');
INSERT INTO `bl_right` (id, created_at, updated_at, operator_id, memo, name) VALUES ('17', now(), now(), '-1', '短信猫管理', 'ROLES_CAT_NUMBER');
INSERT INTO `bl_right` (id, created_at, updated_at, operator_id, memo, name) VALUES ('18', now(), now(), '-1', '注册用户查询', 'ROLES_TERMINAL');

INSERT INTO `bl_right_role` (id, created_at, updated_at, operator_id, role_id, right_id) VALUES ('1', now(), now(), '-1', '3', '1');
INSERT INTO `bl_right_role` (id, created_at, updated_at, operator_id, role_id, right_id) VALUES ('2', now(), now(), '-1', '3', '2');
INSERT INTO `bl_right_role` (id, created_at, updated_at, operator_id, role_id, right_id) VALUES ('3', now(), now(), '-1', '3', '3');
INSERT INTO `bl_right_role` (id, created_at, updated_at, operator_id, role_id, right_id) VALUES ('4', now(), now(), '-1', '3', '4');
INSERT INTO `bl_right_role` (id, created_at, updated_at, operator_id, role_id, right_id) VALUES ('5', now(), now(), '-1', '3', '5');
INSERT INTO `bl_right_role` (id, created_at, updated_at, operator_id, role_id, right_id) VALUES ('6', now(), now(), '-1', '3', '6');
INSERT INTO `bl_right_role` (id, created_at, updated_at, operator_id, role_id, right_id) VALUES ('7', now(), now(), '-1', '3', '7');
INSERT INTO `bl_right_role` (id, created_at, updated_at, operator_id, role_id, right_id) VALUES ('8', now(), now(), '-1', '3', '8');
INSERT INTO `bl_right_role` (id, created_at, updated_at, operator_id, role_id, right_id) VALUES ('9', now(), now(), '-1', '3', '9');
INSERT INTO `bl_right_role` (id, created_at, updated_at, operator_id, role_id, right_id) VALUES ('10', now(), now(), '-1', '3', '10');
INSERT INTO `bl_right_role` (id, created_at, updated_at, operator_id, role_id, right_id) VALUES ('11', now(), now(), '-1', '3', '11');
INSERT INTO `bl_right_role` (id, created_at, updated_at, operator_id, role_id, right_id) VALUES ('12', now(), now(), '-1', '3', '12');
INSERT INTO `bl_right_role` (id, created_at, updated_at, operator_id, role_id, right_id) VALUES ('13', now(), now(), '-1', '2', '1');
INSERT INTO `bl_right_role` (id, created_at, updated_at, operator_id, role_id, right_id) VALUES ('14', now(), now(), '-1', '2', '2');
INSERT INTO `bl_right_role` (id, created_at, updated_at, operator_id, role_id, right_id) VALUES ('15', now(), now(), '-1', '2', '3');
INSERT INTO `bl_right_role` (id, created_at, updated_at, operator_id, role_id, right_id) VALUES ('16', now(), now(), '-1', '2', '4');
INSERT INTO `bl_right_role` (id, created_at, updated_at, operator_id, role_id, right_id) VALUES ('17', now(), now(), '-1', '2', '5');
INSERT INTO `bl_right_role` (id, created_at, updated_at, operator_id, role_id, right_id) VALUES ('18', now(), now(), '-1', '2', '6');
INSERT INTO `bl_right_role` (id, created_at, updated_at, operator_id, role_id, right_id) VALUES ('19', now(), now(), '-1', '2', '7');
INSERT INTO `bl_right_role` (id, created_at, updated_at, operator_id, role_id, right_id) VALUES ('20', now(), now(), '-1', '2', '8');
INSERT INTO `bl_right_role` (id, created_at, updated_at, operator_id, role_id, right_id) VALUES ('21', now(), now(), '-1', '2', '12');
INSERT INTO `bl_right_role` (id, created_at, updated_at, operator_id, role_id, right_id) VALUES ('22', now(), now(), '-1', '1', '1');
INSERT INTO `bl_right_role` (id, created_at, updated_at, operator_id, role_id, right_id) VALUES ('23', now(), now(), '-1', '1', '2');
INSERT INTO `bl_right_role` (id, created_at, updated_at, operator_id, role_id, right_id) VALUES ('24', now(), now(), '-1', '1', '3');
INSERT INTO `bl_right_role` (id, created_at, updated_at, operator_id, role_id, right_id) VALUES ('25', now(), now(), '-1', '1', '4');
INSERT INTO `bl_right_role` (id, created_at, updated_at, operator_id, role_id, right_id) VALUES ('26', now(), now(), '-1', '1', '5');
INSERT INTO `bl_right_role` (id, created_at, updated_at, operator_id, role_id, right_id) VALUES ('27', now(), now(), '-1', '1', '6');
INSERT INTO `bl_right_role` (id, created_at, updated_at, operator_id, role_id, right_id) VALUES ('28', now(), now(), '-1', '1', '7');
INSERT INTO `bl_right_role` (id, created_at, updated_at, operator_id, role_id, right_id) VALUES ('29', now(), now(), '-1', '1', '12');
INSERT INTO `bl_right_role` (id, created_at, updated_at, operator_id, role_id, right_id) VALUES ('30', now(), now(), '-1', '1', '13');
INSERT INTO `bl_right_role` (id, created_at, updated_at, operator_id, role_id, right_id) VALUES ('31', now(), now(), '-1', '2', '13');
INSERT INTO `bl_right_role` (id, created_at, updated_at, operator_id, role_id, right_id) VALUES ('32', now(), now(), '-1', '3', '13');
INSERT INTO `bl_right_role` (id, created_at, updated_at, operator_id, role_id, right_id) VALUES ('33', now(), now(), '-1', '1', '14');
INSERT INTO `bl_right_role` (id, created_at, updated_at, operator_id, role_id, right_id) VALUES ('34', now(), now(), '-1', '2', '14');
INSERT INTO `bl_right_role` (id, created_at, updated_at, operator_id, role_id, right_id) VALUES ('35', now(), now(), '-1', '3', '14');
INSERT INTO `bl_right_role` (id, created_at, updated_at, operator_id, role_id, right_id) VALUES ('36', now(), now(), '-1', '1', '15');
INSERT INTO `bl_right_role` (id, created_at, updated_at, operator_id, role_id, right_id) VALUES ('37', now(), now(), '-1', '2', '15');
INSERT INTO `bl_right_role` (id, created_at, updated_at, operator_id, role_id, right_id) VALUES ('38', now(), now(), '-1', '3', '15');
INSERT INTO `bl_right_role` (id, created_at, updated_at, operator_id, role_id, right_id) VALUES ('39', now(), now(), '-1', '1', '16');
INSERT INTO `bl_right_role` (id, created_at, updated_at, operator_id, role_id, right_id) VALUES ('40', now(), now(), '-1', '2', '16');
INSERT INTO `bl_right_role` (id, created_at, updated_at, operator_id, role_id, right_id) VALUES ('41', now(), now(), '-1', '3', '16');
INSERT INTO `bl_right_role` (id, created_at, updated_at, operator_id, role_id, right_id) VALUES ('42', now(), now(), '-1', '1', '17');
INSERT INTO `bl_right_role` (id, created_at, updated_at, operator_id, role_id, right_id) VALUES ('43', now(), now(), '-1', '2', '17');
INSERT INTO `bl_right_role` (id, created_at, updated_at, operator_id, role_id, right_id) VALUES ('44', now(), now(), '-1', '3', '17');
INSERT INTO `bl_right_role` (id, created_at, updated_at, operator_id, role_id, right_id) VALUES ('45', now(), now(), '-1', '1', '18');
INSERT INTO `bl_right_role` (id, created_at, updated_at, operator_id, role_id, right_id) VALUES ('46', now(), now(), '-1', '2', '18');
INSERT INTO `bl_right_role` (id, created_at, updated_at, operator_id, role_id, right_id) VALUES ('47', now(), now(), '-1', '3', '18');

INSERT INTO `bl_role` (id, created_at, updated_at, operator_id, memo, name) VALUES ('1', now(), now(), '-1', '除去用户管理和授权管理', '普通用户');
INSERT INTO `bl_role` (id, created_at, updated_at, operator_id, memo, name) VALUES ('2', now(), now(), '-1', '除去授权管理', '管理员');
INSERT INTO `bl_role` (id, created_at, updated_at, operator_id, memo, name) VALUES ('3', now(), now(), '-1', '所有权限', '超级管理员');

INSERT INTO `bl_user` (id, created_at, updated_at, operator_id, name, username, password, status) VALUES ('1', now(), now(), '-1', '超级管理员', 'admin', 'b594510740d2ac4261c1b2fe87850d08', 'ENABLED');

INSERT INTO `bl_user_role` (id, created_at, updated_at, operator_id, user_id, role_id) VALUES ('1', now(), now(), '-1', '1', '3');


